old,new
/start/product-tour,/start/what-is-vectorihub
/teams/accounts-and-workspaces,/teams/accounts-workspaces-teams
/teams/workspaces-and-teams,/teams/accounts-workspaces-teams
/deploy/automation-and-ci,/deploy/ci-cd
/deploy/runtimes/nodejs,/deploy/bring-your-own-app
/deploy/runtimes/go,/deploy/bring-your-own-app
/frameworks/adonisjs,/deploy/bring-your-own-app
/deploy/frameworks/adonisjs,/deploy/bring-your-own-app
/frameworks/angular,/deploy/bring-your-own-app
/deploy/frameworks/angular,/deploy/bring-your-own-app
/frameworks/astro,/deploy/bring-your-own-app
/deploy/frameworks/astro,/deploy/bring-your-own-app
/frameworks/chi,/deploy/bring-your-own-app
/deploy/frameworks/chi,/deploy/bring-your-own-app
/frameworks/echo,/deploy/bring-your-own-app
/deploy/frameworks/echo,/deploy/bring-your-own-app
/frameworks/express,/deploy/bring-your-own-app
/deploy/frameworks/express,/deploy/bring-your-own-app
/frameworks/fastify,/deploy/bring-your-own-app
/deploy/frameworks/fastify,/deploy/bring-your-own-app
/frameworks/fiber,/deploy/bring-your-own-app
/deploy/frameworks/fiber,/deploy/bring-your-own-app
/frameworks/gin,/deploy/bring-your-own-app
/deploy/frameworks/gin,/deploy/bring-your-own-app
/frameworks/hapi,/deploy/bring-your-own-app
/deploy/frameworks/hapi,/deploy/bring-your-own-app
/frameworks/koa,/deploy/bring-your-own-app
/deploy/frameworks/koa,/deploy/bring-your-own-app
/frameworks/nestjs,/deploy/bring-your-own-app
/deploy/frameworks/nestjs,/deploy/bring-your-own-app
/frameworks/nextjs,/deploy/bring-your-own-app
/deploy/frameworks/nextjs,/deploy/bring-your-own-app
/frameworks/nuxt,/deploy/bring-your-own-app
/deploy/frameworks/nuxt,/deploy/bring-your-own-app
/frameworks/react,/deploy/bring-your-own-app
/deploy/frameworks/react,/deploy/bring-your-own-app
/frameworks/remix,/deploy/bring-your-own-app
/deploy/frameworks/remix,/deploy/bring-your-own-app
/frameworks/svelte,/deploy/bring-your-own-app
/deploy/frameworks/svelte,/deploy/bring-your-own-app
/frameworks/vue,/deploy/bring-your-own-app
/deploy/frameworks/vue,/deploy/bring-your-own-app
/deploy/frameworks,/deploy/bring-your-own-app
/deploy/languages/go,/deploy/bring-your-own-app
/deploy/languages/javascript,/deploy/bring-your-own-app
