surface,area,capability,source_ref,interfaces,keywords,doc_target,disposition,note
dashboard,home,Dashboard home (needs attention / health / usage / recent),vhb-client pages/dashboard,dashboard,Needs your action|Recent deployments|Applications & workloads,interfaces/dashboard/tour,public,
dashboard,projects,Projects list and detail,vhb-client /projects /project,dashboard;cli,Create project|Projects,interfaces/dashboard/projects-and-deployments,public,
dashboard,projects,Project environments,vhb-client /project/environments,dashboard;cli,Create environment|Environments,interfaces/dashboard/projects-and-deployments,public,
dashboard,deployments,Deployments list and detail,vhb-client /deployments /deployment/:id,dashboard;cli,Deployment history|Running,interfaces/dashboard/projects-and-deployments,public,
dashboard,deployments,Deployment logs tab,vhb-client /deployment/logs,dashboard;cli,Logs|request inspector,interfaces/dashboard/projects-and-deployments,public,
dashboard,deployments,Deployment environment variables tab,vhb-client /deployment/environment,dashboard;cli,Environments|Add variable,interfaces/dashboard/projects-and-deployments,public,
dashboard,deployments,Deployment domains tab,vhb-client /deployment/domains,dashboard;cli,Domains|Live over HTTPS,interfaces/dashboard/projects-and-deployments,public,
dashboard,deployments,Deployment port/route mapping tab,vhb-client /deployment/mapping,dashboard,Github Branch,interfaces/dashboard/projects-and-deployments,public,
dashboard,deployments,Deployment observability tab,vhb-client /deployment/observability,dashboard;cli,Performance|Observability,interfaces/dashboard/projects-and-deployments,public,
dashboard,deployments,Deployment traffic tab,vhb-client /deployment/traffic,dashboard;cli,Traffic,interfaces/dashboard/projects-and-deployments,public,
dashboard,deployments,Deployment load balancing tab,vhb-client /deployment/load_balancing,dashboard;cli,Load Balancing,interfaces/dashboard/projects-and-deployments,public,
dashboard,deployments,Deployment performance (edge) tab,vhb-client /deployment/performance,dashboard;cli,Performance|Core Web Vitals,interfaces/dashboard/projects-and-deployments,public,
dashboard,deployments,Deployment firewall tab,vhb-client /deployment/firewall,dashboard;cli,Firewall,interfaces/dashboard/projects-and-deployments,public,
dashboard,deployments,Deployment settings tab,vhb-client /deployment/settings,dashboard;cli,Delete Container|Settings,interfaces/dashboard/projects-and-deployments,public,
dashboard,deployments,Builds and build logs,vhb-client pages/deployments/builds,dashboard;cli,build logs,interfaces/dashboard/projects-and-deployments,public,
dashboard,deployments,Migrate a deployment,vhb-client pages/deployments/migrate,dashboard,migrate a deployment|migrate deployment,interfaces/dashboard/projects-and-deployments,unreleased,Runs on mock data and the old provider model; deliberately not documented
dashboard,deployments,Deployment history,vhb-client /deployment-history,dashboard;cli,Deployment history,interfaces/dashboard/projects-and-deployments,public,
dashboard,deployments,Roll back / promote from the UI,vhb-client pages/deployments,dashboard;cli,Roll back|Promote,interfaces/dashboard/projects-and-deployments,public,
dashboard,deployments,Deploy from a repository (repos/clone/scout),vhb-client /repos /clone /scout,dashboard,Deploy application|Repository|Builder,interfaces/dashboard/projects-and-deployments,public,
dashboard,compose,Composers (stacks) list and detail,vhb-client /stacks /stacks/:id,dashboard;cli,Composers,interfaces/dashboard/projects-and-deployments,public,
dashboard,compose,Stack networks and volumes,vhb-client /stacks/:id/networks /volumes,dashboard,Networks|Volumes,interfaces/dashboard/projects-and-deployments,public,
dashboard,compose,Deploy a compose file,vhb-client /compose/deploy,dashboard;cli,Compose,interfaces/dashboard/projects-and-deployments,public,
dashboard,containers,Containers list and detail,vhb-client /containers,dashboard;cli,Containers|Needs attention,interfaces/dashboard/projects-and-deployments,public,
dashboard,infrastructure,Nodes list and node detail,vhb-client /nodes /nodes/:machineId,dashboard;cli,Nodes|Management mode,interfaces/dashboard/nodes-clouds-edge,public,
dashboard,infrastructure,Add a node (connect wizard),vhb-client pages/nodes,dashboard;cli,add a node|enroll,interfaces/dashboard/nodes-clouds-edge,public,
dashboard,infrastructure,Beaver Clouds list and manage,vhb-client /clouds,dashboard;cli,Beaver Cloud,interfaces/dashboard/nodes-clouds-edge,public,
dashboard,infrastructure,Beaver Edge apps,vhb-client /edge /edge/:appId,dashboard;cli,Beaver Edge,interfaces/dashboard/nodes-clouds-edge,public,
dashboard,infrastructure,Managed services,vhb-client /managed-services,dashboard;cli,managed service|Services page,interfaces/dashboard/nodes-clouds-edge,public,
dashboard,infrastructure,Incidents,vhb-client /incidents,dashboard,incidents,interfaces/dashboard/nodes-clouds-edge,public,
dashboard,infrastructure,Provider flows (aws/* vps/*),vhb-client aws/* vps/*,dashboard,AWS,infrastructure/aws,internal,Legacy /aws/* and /vps/* routes redirect to Integrations
dashboard,collaboration,Activity feed (Following / Explore / Workspace),vhb-client /activity,dashboard;cli,Explore|Following,interfaces/dashboard/activity-notifications-billing,public,
dashboard,collaboration,Publish and deploy a template,vhb-client /activity/publish /activity/templates,dashboard;cli,publish a template|template,interfaces/dashboard/activity-notifications-billing,public,
dashboard,collaboration,Public profile and badges,vhb-client /u/:username /me/:user/badges,dashboard,public profile|badge,interfaces/dashboard/activity-notifications-billing,public,
dashboard,collaboration,Notifications inbox,vhb-client /notifications,dashboard;desktop;cli,notification inbox|notifications,interfaces/dashboard/activity-notifications-billing,public,
dashboard,collaboration,Notification and social preferences,vhb-client /activity/settings/notifications,dashboard;cli,Preferences,interfaces/dashboard/activity-notifications-billing,public,
dashboard,usage,Resource usage,vhb-client /resourceusage,dashboard;cli,resource usage,interfaces/dashboard/activity-notifications-billing,unreleased,Page route is commented out of the router and sidebar (vhb-client DashboardLinks/App) — not reachable; the Usage panel on the home screen and Billing show plan usage
dashboard,usage,Build minutes,vhb-client /buildsminutes,dashboard,build minutes,deploy/builds,unreleased,Page route is commented out of the router and sidebar (vhb-client DashboardLinks/App) — not reachable; the Usage panel on the home screen and Billing show plan usage
dashboard,billing,Billing overview,vhb-client /billing,dashboard;cli,Overview|billing summary,interfaces/dashboard/activity-notifications-billing,public,
dashboard,billing,Choose / review / change a plan,vhb-client /plans /plans/review,dashboard;cli,change plan|choose a plan,interfaces/dashboard/activity-notifications-billing,public,
dashboard,billing,Subscriptions and payment history,vhb-client /subscriptions /payment-history,dashboard,Payments|Plan & seats,interfaces/dashboard/activity-notifications-billing,public,
dashboard,billing,Checkout and cancelled-checkout screens,vhb-client /billing/checkout/*,dashboard,checkout,interfaces/dashboard/activity-notifications-billing,public,
dashboard,teams,Team overview,vhb-client /settings/team OverviewPanel,dashboard;cli,team overview|team workspace,interfaces/dashboard/team-and-settings,public,
dashboard,teams,Members and invitations,vhb-client MembersPanel InviteModal,dashboard;cli,invite|members,interfaces/dashboard/team-and-settings,public,
dashboard,teams,Team policies,vhb-client PoliciesPanel,dashboard;cli,policies|enforced policy,interfaces/dashboard/team-and-settings,public,
dashboard,teams,Approvals inbox,vhb-client ApprovalsPanel,dashboard;desktop;cli,approval,interfaces/dashboard/team-and-settings,public,
dashboard,teams,Team activity / audit,vhb-client ActivityPanel,dashboard;cli,activity log|audit,interfaces/dashboard/team-and-settings,public,
dashboard,teams,Team settings and ownership transfer,vhb-client SettingsPanel TransferModal,dashboard;cli,transfer ownership|transfer,interfaces/dashboard/team-and-settings,public,
dashboard,teams,Accept an invitation,vhb-client /accept-invite,dashboard;cli,Accept invitation,interfaces/dashboard/team-and-settings,public,
dashboard,teams,Workspace switcher,vhb-client /workspace,dashboard;desktop;cli,switch workspace|workspace switcher,interfaces/dashboard/team-and-settings,public,
dashboard,account,Personal settings hub,vhb-client /settings,dashboard,Settings|Personal,interfaces/dashboard/team-and-settings,public,
dashboard,account,Profile and account settings,vhb-client /me/:user/accountsettings,dashboard;cli,account settings|profile,interfaces/dashboard/team-and-settings,public,
dashboard,account,Security settings and 2-step setup,vhb-client /settings/security /settings/security/mfa/setup,dashboard;desktop;cli,2-step|two-step,interfaces/dashboard/team-and-settings,public,
dashboard,account,Recovery codes and MFA recovery,vhb-client /login/mfa/recover,dashboard;cli,recovery code,interfaces/dashboard/team-and-settings,public,
dashboard,account,Passkeys,vhb-client /me/:user/mfa,dashboard,passkey,teams/two-step-verification,unreleased,off until the RP-ID owner step lands (MFA Phase 6)
dashboard,account,Sign in with Google / GitHub / email,vhb-client /login /oauth/complete /auth/link/confirm,dashboard;desktop;cli,sign in with google|sign-in method,interfaces/dashboard/team-and-settings,public,
dashboard,account,Approve a device sign-in,vhb-client /oauth/approve,dashboard;desktop;cli,Approve this device,interfaces/dashboard/team-and-settings,public,
dashboard,account,Integrations (GitHub and providers),vhb-client /integrations,dashboard;cli,integrations,interfaces/dashboard/team-and-settings,public,
dashboard,account,Onboarding: connect repositories,vhb-client /onboarding/connect,dashboard,Onboarding,interfaces/dashboard/team-and-settings,public,
dashboard,alie,Alie in the Dashboard (session),vhb-client alie alie/session,dashboard,Alie,interfaces/dashboard/tour,public,
dashboard,marketing,Pricing / legal / beta / marketing pages,vhb-client /pricing /legal/* /beta /waitlist /frameworks /cloud /services /platform/*,dashboard,,,internal,marketing and legal pages are not product UI
desktop,shell,Infrastructure home (counts and machine cards),desktop infra/sections/InfrastructureHome,desktop,Infrastructure home|machine cards,interfaces/desktop/infrastructure,public,
desktop,shell,Navigator and command palette,desktop infra/nav ⌘K,desktop,command palette|navigator,interfaces/desktop/shell-tour,public,
desktop,shell,Action sheet (shows the beaver equivalent),desktop infra ActionSheet,desktop,action sheet,interfaces/desktop/infrastructure,public,
desktop,shell,Sign in with device authorization,desktop auth,desktop;cli,Sign in|approval,interfaces/desktop/shell-tour,public,
desktop,shell,Auto-update,desktop settings Updates,desktop,does not update itself|Updates,interfaces/desktop/shell-tour,public,
desktop,machines,Machines list,desktop MachinesList,desktop,Machines,interfaces/desktop/infrastructure,public,
desktop,machines,Machine detail: Overview Containers Resources,desktop MachineDetail,desktop,Overview|Containers|Resources,interfaces/desktop/infrastructure,public,
desktop,machines,Machine detail: Networks Volumes Logs Events,desktop MachineDetail,desktop,Volumes|Events,interfaces/desktop/infrastructure,public,
desktop,machines,Machine detail: Security and Configuration (drift),desktop MachineDetail,desktop;cli,security score|drift,interfaces/desktop/infrastructure,public,
desktop,machines,Machine backups tab,desktop MachineDetail backups,desktop,machine backup,interfaces/desktop/infrastructure,unreleased,"Not in the shipped nine-tab machine detail (Overview, Containers, Resources, Networks, Volumes, Logs, Events, Security, Configuration)"
desktop,clouds,Beaver Cloud list and detail,desktop CloudsList CloudDetail,desktop;cli,Beaver Cloud,interfaces/desktop/infrastructure,public,
desktop,networks,Networks list and detail,desktop NetworksList NetworkDetail,desktop,Networks|Members,interfaces/desktop/networks-storage-services,public,
desktop,storage,Storage list and volume detail,desktop StorageList VolumeDetail,desktop,Storage|Volumes,interfaces/desktop/networks-storage-services,public,
desktop,services,Services list and detail,desktop ServicesList ServiceDetail,desktop;cli,Services|Attached Applications,interfaces/desktop/networks-storage-services,public,
desktop,services,Create a service (sheet),desktop ServiceCreateSheet,desktop;cli,create a service,interfaces/desktop/networks-storage-services,public,
desktop,containers,Container detail,desktop ContainerDetail,desktop;cli,Containers|Traffic,interfaces/desktop/networks-storage-services,public,
desktop,runtime,Traces explorer,desktop traces,desktop,traces,interfaces/desktop/approvals-and-alie,public,
desktop,runtime,Approvals inbox,desktop team ApprovalsInbox,desktop;dashboard;cli,approvals inbox,interfaces/desktop/approvals-and-alie,public,
desktop,runtime,Deployments section (project workspace),desktop DeploymentsList,desktop,project workspace,interfaces/desktop/terminal-and-projects,unreleased,hidden from the sidebar at last check (Runtime/Health temporarily hidden)
desktop,runtime,Observability section,desktop ObservabilitySection,desktop,observability section,interfaces/desktop/networks-storage-services,unreleased,hidden from the sidebar at last check
desktop,alie,Alie rail and sessions,desktop beaver alie,desktop;cli,alie rail|alie session,interfaces/desktop/approvals-and-alie,public,
desktop,workspace,Embedded terminal,desktop workspace/terminal,desktop,terminal,interfaces/desktop/terminal-and-projects,public,
desktop,workspace,Open a local project folder,desktop project workspace,desktop,open a folder|project folder,interfaces/desktop/terminal-and-projects,public,
desktop,team,Workspace switcher and plan card,desktop team WorkspaceSwitcher PlanCard,desktop;dashboard;cli,plan card|workspace switcher,interfaces/desktop/shell-tour,public,
desktop,team,Suspended / gated team screens,desktop team SuspendedScreen Gated,desktop,suspended,interfaces/desktop/shell-tour,public,
desktop,settings,General,desktop settings General,desktop,desktop settings,interfaces/desktop/settings,public,
desktop,settings,Account,desktop settings Account,desktop,account settings,interfaces/desktop/settings,public,
desktop,settings,Git and repository access,desktop settings Git RepositoryAccess,desktop;cli,repository access,interfaces/desktop/settings,public,
desktop,settings,Terminal,desktop settings Terminal,desktop,Default shell|Terminal,interfaces/desktop/settings,public,
desktop,settings,Projects and workspace,desktop settings ProjectsWorkspace,desktop,Projects & Workspace,interfaces/desktop/settings,public,
desktop,settings,Notifications and on-call,desktop settings Notifications,desktop;cli,on-call,interfaces/desktop/settings,public,
desktop,settings,Appearance,desktop settings Appearance,desktop,appearance,interfaces/desktop/settings,public,
desktop,settings,Security and privacy,desktop settings SecurityPrivacy,desktop,security and privacy,interfaces/desktop/settings,public,
desktop,settings,Beaver CLI and agent,desktop settings CliAndAgent,desktop;cli,Beaver CLI & Agent,interfaces/desktop/settings,public,
desktop,settings,Activity,desktop settings Activity,desktop,Activity,interfaces/desktop/settings,public,
desktop,settings,Alie: General Memory Context Permissions Tools and Routing,desktop settings alie,desktop;cli,context permissions|alie memory,interfaces/desktop/settings,public,
desktop,settings,AI harnesses,desktop settings AiHarnessesList,desktop;cli,harness,interfaces/desktop/settings,public,
desktop,settings,Skills,desktop settings SkillsList,desktop;cli,Skills,interfaces/desktop/settings,public,
desktop,settings,Automation policy,desktop settings automation-policy,desktop,automation policy,interfaces/desktop/settings,public,
desktop,settings,Advanced and About,desktop settings Advanced About,desktop,Advanced|About,interfaces/desktop/settings,public,
backend,limits,Plan limits and what happens at a limit,vhb-server billing/plan gates,dashboard;desktop;cli,plan limit|limit reached,reference/limits-and-quotas,public,
backend,approvals,Production approval gates,vhb-server approvals,dashboard;desktop;cli,production approval|approval,teams/production-approvals,public,
backend,retention,Activity and audit retention,vhb-server activity,dashboard;cli,retention,teams/downgrades-and-retention,public,
backend,status,Status vocabulary (machine/cloud/service/deployment),vhb-server + desktop status.ts,dashboard;desktop;cli,status,operate/deployment-status,public,
backend,rate-limits,Credential reveal and API rate limits,vhb-server rate limiting,dashboard;cli,rate limit|reveal,data/credentials-and-connection-strings,public,
backend,errors,Error messages users can hit,vhb-server + cli errors,dashboard;desktop;cli,troubleshoot,operate/troubleshooting,public,
backend,orchestration,Placement / scheduling / orchestration internals,vhb-server,,,,internal,mechanism — Invariant 3
backend,storage,Storage models and schemas,vhb-server,,,,internal,mechanism — Invariant 3
admin,admin,Admin dashboard (operator tooling),admin-dashboard,,,,internal,private operator docs only — Invariant 4
